{
  "args0": [
    {
      "type": "input_dummy",
      "name": "datalistvar"
    },
    {
      "type": "input_dummy",
      "name": "dataelementvar"
    },
    {
      "type": "input_dummy"
    },
    {
      "type": "input_statement",
      "name": "foreach"
    }
  ],
  "extensions": [
    "mathutils_datalist_variables",
    "mathutils_dataelement_variables",
    "is_custom_loop"
  ],
  "inputsInline": true,
  "previousStatement": null,
  "nextStatement": null,
  "colour": "#888888",
  "mcreator": {
    "fields": [
      "DATALIST_VAR",
      "DATAELEMENT_VAR"
    ],
    "statements": [
      {
        "name": "foreach"
      }
    ],
    "warnings": [
      "datalist_iterate2"
    ]
  }
}