{
  "args0": [
    {
      "type": "input_dummy",
      "name": "vectormapvar"
    },
    {
      "type": "input_value",
      "name": "map",
      "check": "DataMap"
    }
  ],
  "extensions": [
    "mathutils_vectormap_variables"
  ],
  "inputsInline": true,
  "previousStatement": null,
  "nextStatement": null,
  "colour": "#888888",
  "mcreator": {
    "toolbox_init": [
      "<value name=\"map\"></value>"
    ],
    "inputs": [
      "map"
    ],
    "fields": [
      "VECTORMAP_VAR"
    ],
    "warnings": [
      "mathutils_get_vectors"
    ]
  }
}