{
  "args0": [
    {
      "type": "input_value",
      "name": "element",
      "check": ["DataElement", "DataList", "DataMap"]
    },
    {
      "type": "input_value",
      "name": "key",
      "check": "String"
    },
    {
      "type": "input_value",
      "name": "map",
      "check": "DataMap"
    }
  ],
  "inputsInline": true,
  "previousStatement": null,
  "nextStatement": null,
  "colour": "%{BKY_DATAMAP_HUE}",
  "mcreator": {
    "group": "generic",
    "toolbox_id": "mathdatamap",
    "toolbox_init": [
      "<value name=\"element\"></value>",
      "<value name=\"key\"><block type=\"text\"><field name=\"TEXT\">key</field></block></value>",
      "<value name=\"map\"></value>"
    ],
    "inputs": [
      "element",
      "key",
      "map"
    ]
  }
}