{
  "args0": [
    {
      "type": "input_value",
      "name": "map",
      "check": "DataMap"
    },
    {
      "type": "input_value",
      "name": "x",
      "check": "Number"
    },
    {
      "type": "input_value",
      "name": "y",
      "check": "Number"
    },
    {
      "type": "input_value",
      "name": "z",
      "check": "Number"
    },
    {
      "type": "field_image",
      "src": "./res/server.png",
      "width": 8,
      "height": 24
    },
    {
      "type": "input_dummy"
    },
    {
      "type": "input_statement",
      "name": "do"
    }
  ],
  "inputsInline": true,
  "previousStatement": null,
  "nextStatement": null,
  "colour": "%{BKY_DATAMAP_HUE}",
  "mcreator": {
    "group": "actions",
    "toolbox_id": "mathnbt",
    "toolbox_init": [
      "<value name=\"map\"><block type=\"provided_datamap\"></block></value>",
      "<value name=\"x\"><block type=\"coord_x\"></block></value>",
      "<value name=\"y\"><block type=\"coord_y\"></block></value>",
      "<value name=\"z\"><block type=\"coord_z\"></block></value>"
    ],
    "inputs": [
      "x",
      "y",
      "z"
    ],
    "statements": [
      {
        "name": "do",
        "provides": [
          {
            "name": "datamap",
            "type": "datamap"
          }
        ]
      }
    ],
    "dependencies": [
      {
        "name": "world",
        "type": "world"
      }
    ]
  }
}