{
  "args0": [
    {
      "type": "input_value",
      "name": "x",
      "check": "Number"
    },
    {
      "type": "input_value",
      "name": "y",
      "check": "Number"
    },
    {
      "type": "input_value",
      "name": "z",
      "check": "Number"
    }
  ],
  "output": "RandomSource",
  "inputsInline": true,
  "colour": "#888888",
  "mcreator": {
    "toolbox_init": [
      "<value name=\"x\"><block type=\"coord_x\"></block></value>",
      "<value name=\"y\"><block type=\"coord_y\"></block></value>",
      "<value name=\"z\"><block type=\"coord_z\"></block></value>"
    ],
    "inputs": [
      "x",
      "y",
      "z"
    ],
    "warnings": [
      "randomsource_create3"
    ]
  }
}