{
  "args0": [
    {
      "type": "input_value",
      "name": "map1",
      "check": "VectorMap"
    },
    {
      "type": "input_value",
      "name": "map2",
      "check": "VectorMap"
    }
  ],
  "inputsInline": true,
  "previousStatement": null,
  "nextStatement": null,
  "colour": "%{BKY_VECTORMAP_HUE}",
  "mcreator": {
    "group": "generic2",
    "toolbox_id": "mathvectormap",
    "toolbox_init": [
      "<value name=\"map1\"></value>",
      "<value name=\"map2\"></value>"
    ],
    "inputs": [
      "map1",
      "map2"
    ]
  }
}