{
  "args0": [
    {
      "type": "input_value",
      "name": "vector",
      "check": "Vector"
    },
    {
      "type": "input_value",
      "name": "list",
      "check": "VectorList"
    }
  ],
  "inputsInline": true,
  "previousStatement": null,
  "nextStatement": null,
  "colour": "%{BKY_VECTORLIST_HUE}",
  "mcreator": {
    "group": "generic",
    "toolbox_id": "mathvectorlist",
    "toolbox_init": [
      "<value name=\"vector\"></value>",
      "<value name=\"list\"></value>"
    ],
    "inputs": [
      "vector",
      "list"
    ]
  }
}