{
  "args0": [
    {
      "type": "input_value",
      "name": "key",
      "check": "String"
    },
    {
      "type": "input_value",
      "name": "map",
      "check": "VectorMap"
    },
    {
      "type": "input_value",
      "name": "vector",
      "check": "Vector"
    }
  ],
  "inputsInline": true,
  "previousStatement": null,
  "nextStatement": null,
  "colour": "#888888",
  "mcreator": {
    "toolbox_init": [
      "<value name=\"key\"><block type=\"text\"><field name=\"TEXT\">key</field></block></value>",
      "<value name=\"map\"></value>",
      "<value name=\"vector\"></value>"
    ],
    "inputs": [
      "key",
      "map",
      "vector"
    ],
    "warnings": [
      "vectormap_replace"
    ]
  }
}