{
  "args0": [
    {
      "type": "input_value",
      "name": "yaw",
      "check": "Number"
    },
    {
      "type": "input_value",
      "name": "pitch",
      "check": "Number"
    }
  ],
  "output": "Vector",
  "inputsInline": true,
  "colour": "%{BKY_VECTOR_HUE}",
  "mcreator": {
    "group": "creator",
    "toolbox_id": "mathvector",
    "toolbox_init": [
      "<value name=\"yaw\"><block type=\"math_number\"><field name=\"NUM\">0</field></block></value>",
      "<value name=\"pitch\"><block type=\"math_number\"><field name=\"NUM\">0</field></block></value>"
    ],
    "inputs": [
      "yaw",
      "pitch"
    ]
  }
}