{
  "args0": [
    {
      "type": "input_value",
      "name": "entity",
      "check": "Entity"
    },
    {
      "type": "input_value",
      "name": "deltamovement",
      "check": "Vector"
    }
  ],
  "inputsInline": true,
  "previousStatement": null,
  "nextStatement": null,
  "colour": "%{BKY_VECTOR_HUE}",
  "mcreator": {
    "group": "entity",
    "toolbox_id": "mathutils",
    "toolbox_init": [
      "<value name=\"entity\"><block type=\"entity_from_deps\"></block></value>",
      "<value name=\"deltamovement\"></value>"
    ],
    "inputs": [
      "entity",
      "deltamovement"
    ]
  }
}