{
  "args0": [
    {
      "type": "input_value",
      "name": "list1",
      "check": "VectorList"
    },
    {
      "type": "input_value",
      "name": "list2",
      "check": "VectorList"
    }
  ],
  "inputsInline": true,
  "previousStatement": null,
  "nextStatement": null,
  "colour": "%{BKY_VECTORLIST_HUE}",
  "mcreator": {
    "group": "generic2",
    "toolbox_id": "mathvectorlist",
    "toolbox_init": [
      "<value name=\"list1\"></value>",
      "<value name=\"list2\"></value>"
    ],
    "inputs": [
      "list1",
      "list2"
    ]
  }
}