{
  "args0": [
    {
      "type": "input_value",
      "name": "name",
      "check": "String"
    },
    {
      "type": "input_value",
      "name": "item",
      "check": "MCItem"
    }
  ],
  "output": "VectorList",
  "inputsInline": true,
  "colour": "#888888",
  "mcreator": {
    "toolbox_init": [
      "<value name=\"name\"><block type=\"text\"><field name=\"TEXT\">tagName</field></block></value>",
      "<value name=\"item\"><block type=\"itemstack_to_mcitem\"></block></value>"
    ],
    "inputs": [
      "name",
      "item"
    ],
    "warnings": [
      "mathutils_modify_nbt"
    ]
  }
}