{
  "args0": [
    {
      "type": "input_value",
      "name": "name",
      "check": "String"
    },
    {
      "type": "input_value",
      "name": "entity",
      "check": "Entity"
    },
    {
      "type": "input_value",
      "name": "list",
      "check": "VectorList"
    }
  ],
  "inputsInline": true,
  "previousStatement": null,
  "nextStatement": null,
  "colour": "#888888",
  "mcreator": {
    "toolbox_init": [
      "<value name=\"name\"><block type=\"text\"><field name=\"TEXT\">tagName</field></block></value>",
      "<value name=\"entity\"><block type=\"entity_from_deps\"></block></value>",
      "<value name=\"list\"></value>"
    ],
    "inputs": [
      "name",
      "entity",
      "list"
    ],
    "warnings": [
      "mathutils_modify_nbt"
    ]
  }
}