{
  "args0": [
    {
      "type": "input_value",
      "name": "map",
      "check": "DataMap"
    },
    {
      "type": "input_value",
      "name": "item",
      "check": "MCItem"
    },
    {
      "type": "input_dummy"
    },
    {
      "type": "input_statement",
      "name": "do"
    }
  ],
  "inputsInline": true,
  "previousStatement": null,
  "nextStatement": null,
  "colour": "%{BKY_DATAMAP_HUE}",
  "mcreator": {
    "group": "actions",
    "toolbox_id": "mathnbt",
    "toolbox_init": [
      "<value name=\"map\"><block type=\"provided_datamap\"></block></value>",
      "<value name=\"item\"><block type=\"itemstack_to_mcitem\"></block></value>"
    ],
    "inputs": [
      "item"
    ],
    "statements": [
      {
        "name": "do",
        "provides": [
          {
            "name": "datamap",
            "type": "datamap"
          }
        ]
      }
    ]
  }
}