{
  "args0": [
    {
      "type": "input_value",
      "name": "map",
      "check": "DataMap"
    },
    {
      "type": "input_value",
      "name": "key",
      "check": "String"
    },
    {
      "type": "input_dummy"
    },
    {
      "type": "input_statement",
      "name": "foreach"
    }
  ],
  "extensions": [
    "is_custom_loop"
  ],
  "inputsInline": true,
  "previousStatement": null,
  "nextStatement": null,
  "colour": "%{BKY_DATAMAP_HUE}",
  "mcreator": {
    "group": "generic5",
    "toolbox_id": "mathdatamap",
    "toolbox_init": [
      "<value name=\"map\"></value>",
      "<value name=\"key\"><block type=\"iterator_key\"></block></value>"
    ],
    "inputs": [
      "map"
    ],
    "statements": [
      {
        "name": "foreach",
        "provides": [
          {
            "name": "keyiterator",
            "type": "string"
          }
        ]
      }
    ]
  }
}