{
  "args0": [
    {
      "type": "input_value",
      "name": "element",
      "check": ["DataElement", "DataList", "DataMap"]
    },
    {
      "type": "input_value",
      "name": "index",
      "check": "Number"
    },
    {
      "type": "input_value",
      "name": "list",
      "check": "DataList"
    }
  ],
  "inputsInline": true,
  "previousStatement": null,
  "nextStatement": null,
  "colour": "%{BKY_DATALIST_HUE}",
  "mcreator": {
    "group": "generic",
    "toolbox_id": "mathdatalist",
    "toolbox_init": [
      "<value name=\"element\"></value>",
      "<value name=\"index\"><block type=\"math_number\"><field name=\"NUM\">0</field></block></value>",
      "<value name=\"list\"></value>"
    ],
    "inputs": [
      "element",
      "index",
      "list"
    ]
  }
}