{
  "args0": [
    {
      "type": "input_dummy",
      "name": "datamapvar"
    },
    {
      "type": "input_dummy",
      "name": "stringvar"
    },
    {
      "type": "input_dummy",
      "name": "dataelementvar"
    },
    {
      "type": "input_dummy"
    },
    {
      "type": "input_statement",
      "name": "foreach"
    }
  ],
  "extensions": [
    "mathutils_datamap_variables",
    "mathutils_string_variables",
    "mathutils_dataelement_variables",
    "is_custom_loop"
  ],
  "inputsInline": true,
  "previousStatement": null,
  "nextStatement": null,
  "colour": "#888888",
  "mcreator": {
    "fields": [
      "DATAMAP_VAR",
      "STRING_VAR",
      "DATAELEMENT_VAR"
    ],
    "statements": [
      {
        "name": "foreach"
      }
    ],
    "warnings": [
      "datamap_iterate2"
    ]
  }
}