{
  "args0": [
    {
      "type": "input_dummy",
      "name": "vectorlistvar"
    },
    {
      "type": "input_value",
      "name": "list",
      "check": "DataList"
    }
  ],
  "extensions": [
    "mathutils_vectorlist_variables"
  ],
  "inputsInline": true,
  "previousStatement": null,
  "nextStatement": null,
  "colour": "#888888",
  "mcreator": {
    "toolbox_init": [
      "<value name=\"list\"></value>"
    ],
    "inputs": [
      "list"
    ],
    "fields": [
      "VECTORLIST_VAR"
    ],
    "warnings": [
      "mathutils_get_vectors"
    ]
  }
}