{
  "args0": [
    {
      "type": "input_value",
      "name": "list",
      "check": "DataList"
    },
    {
      "type": "input_value",
      "name": "element",
      "check": "DataElement"
    },
    {
      "type": "field_dropdown",
      "name": "order",
      "options": [
        [
          "ASCENDING",
          "ASCENDING"
        ],
        [
          "DESCENDING",
          "DESCENDING"
        ]
      ]
    },
    {
      "type": "input_dummy"
    },
    {
      "type": "input_statement",
      "name": "sort"
    },
    {
      "type": "input_statement",
      "name": "foreach"
    }
  ],
  "extensions": [
    "is_custom_loop"
  ],
  "inputsInline": true,
  "previousStatement": null,
  "nextStatement": null,
  "colour": "%{BKY_DATALIST_HUE}",
  "mcreator": {
    "group": "generic6",
    "toolbox_id": "mathdatalist",
    "toolbox_init": [
      "<value name=\"list\"></value>",
      "<value name=\"element\"><block type=\"iterator_dataelement\"></block></value>",
      "<statement name=\"sort\"><block type=\"mathutils_set_sortkey\"></block></statement>"
    ],
    "inputs": [
      "list"
    ],
    "fields": [
      "order"
    ],
    "statements": [
      {
        "name": "sort",
        "provides": [
          {
            "name": "sortkey",
            "type": "number"
          },
          {
            "name": "dataelementiterator",
            "type": "dataelement"
          }
        ]
      },
      {
        "name": "foreach",
        "provides": [
          {
            "name": "dataelementiterator",
            "type": "dataelement"
          }
        ]
      }
    ]
  }
}