{
  "args0": [
    {
      "type": "input_value",
      "name": "entity",
      "check": "Entity"
    },
    {
      "type": "field_image",
      "src": "./res/client.png",
      "width": 8,
      "height": 24
    }
  ],
  "output": "Vector",
  "inputsInline": true,
  "colour": "%{BKY_VECTOR_HUE}",
  "mcreator": {
    "group": "graphics",
    "toolbox_id": "mathutils",
    "toolbox_init": [
      "<value name=\"entity\"><block type=\"entity_from_deps\"></block></value>"
    ],
    "inputs": [
      "entity"
    ],
    "dependencies": [
      {
        "name": "partialTick",
        "type": "number"
      }
    ]
  }
}