{
  "args0": [
    {
      "type": "field_dropdown",
      "name": "type",
      "options": [
        [
          "int",
          "int"
        ],
        [
          "float",
          "float"
        ],
        [
          "double",
          "double"
        ]
      ]
    },
    {
      "type": "input_value",
      "name": "number",
      "check": "Number"
    }
  ],
  "output": "Number",
  "colour": "%{BKY_MATH_HUE}",
  "mcreator": {
    "group": "actions",
    "toolbox_id": "mathnumber",
    "toolbox_init": [
      "<value name=\"number\"></value>"
    ],
    "fields": [
      "type"
    ],
    "inputs": [
      "number"
    ]
  }
}