{
  "args0": [
    {
      "type": "input_value",
      "name": "min",
      "check": "Vector"
    },
    {
      "type": "input_value",
      "name": "max",
      "check": "Vector"
    },
    {
      "type": "input_value",
      "name": "entity",
      "check": "Entity"
    },
    {
      "type": "input_dummy"
    },
    {
      "type": "input_statement",
      "name": "foreach"
    }
  ],
  "extensions": [
    "is_custom_loop"
  ],
  "inputsInline": true,
  "previousStatement": null,
  "nextStatement": null,
  "colour": 35,
  "mcreator": {
    "group": "actions",
    "toolbox_id": "mathutils",
    "toolbox_init": [
      "<value name=\"min\"></value>",
      "<value name=\"max\"></value>",
      "<value name=\"entity\"><block type=\"entity_iterator\"></block></value>"
    ],
    "inputs": [
      "min",
      "max"
    ],
    "statements": [
      {
        "name": "foreach",
        "provides": [
          {
            "name": "entityiterator",
            "type": "entity"
          }
        ]
      }
    ],
    "dependencies": [
      {
        "name": "world",
        "type": "world"
      }
    ]
  }
}