{
  "args0": [
    {
      "type": "input_value",
      "name": "vector",
      "check": "Vector"
    },
    {
      "type": "input_value",
      "name": "angle",
      "check": "Number"
    }
  ],
  "output": "Vector",
  "inputsInline": true,
  "colour": "%{BKY_VECTOR_HUE}",
  "mcreator": {
    "group": "math",
    "toolbox_id": "mathvector",
    "toolbox_init": [
      "<value name=\"vector\"></value>",
      "<value name=\"angle\"><block type=\"math_number\"><field name=\"NUM\">0</field></block></value>"
    ],
    "inputs": [
      "vector",
      "angle"
    ]
  }
}