{
  "args0": [
    {
      "type": "input_value",
      "name": "index",
      "check": "Number"
    },
    {
      "type": "input_value",
      "name": "list",
      "check": "VectorList"
    }
  ],
  "inputsInline": true,
  "previousStatement": null,
  "nextStatement": null,
  "colour": "%{BKY_VECTORLIST_HUE}",
  "mcreator": {
    "group": "generic4",
    "toolbox_id": "mathvectorlist",
    "toolbox_init": [
      "<value name=\"index\"><block type=\"math_number\"><field name=\"NUM\">0</field></block></value>",
      "<value name=\"list\"></value>"
    ],
    "inputs": [
      "index",
      "list"
    ]
  }
}