{
  "args0": [
    {
      "type": "input_value",
      "name": "list",
      "check": "VectorList"
    },
    {
      "type": "input_value",
      "name": "vector",
      "check": "Vector"
    },
    {
      "type": "input_dummy"
    },
    {
      "type": "input_statement",
      "name": "foreach"
    }
  ],
  "extensions": [
    "is_custom_loop"
  ],
  "inputsInline": true,
  "previousStatement": null,
  "nextStatement": null,
  "colour": "%{BKY_VECTORLIST_HUE}",
  "mcreator": {
    "group": "generic7",
    "toolbox_id": "mathvectorlist",
    "toolbox_init": [
      "<value name=\"list\"></value>",
      "<value name=\"vector\"><block type=\"iterator_vector\"></block></value>"
    ],
    "inputs": [
      "list"
    ],
    "statements": [
      {
        "name": "foreach",
        "provides": [
          {
            "name": "vectoriterator",
            "type": "vector"
          }
        ]
      }
    ]
  }
}