{
  "args0": [
    {
      "type": "input_value",
      "name": "vector",
      "check": "Vector"
    },
    {
      "type": "input_value",
      "name": "map",
      "check": "VectorMap"
    }
  ],
  "output": "Boolean",
  "inputsInline": true,
  "colour": "%{BKY_LOGIC_HUE}",
  "mcreator": {
    "group": "data",
    "toolbox_id": "mathvectormap",
    "toolbox_init": [
      "<value name=\"vector\"></value>",
      "<value name=\"map\"></value>"
    ],
    "inputs": [
      "vector",
      "map"
    ]
  }
}