{
  "args0": [
    {
      "type": "input_value",
      "name": "map1",
      "check": "VectorMap"
    },
    {
      "type": "input_value",
      "name": "map2",
      "check": "VectorMap"
    }
  ],
  "inputsInline": true,
  "previousStatement": null,
  "nextStatement": null,
  "colour": "#888888",
  "mcreator": {
    "toolbox_init": [
      "<value name=\"map1\"></value>",
      "<value name=\"map2\"></value>"
    ],
    "inputs": [
      "map1",
      "map2"
    ],
    "warnings": [
      "vectormap_add"
    ]
  }
}