{
  "args0": [
    {
      "type": "input_value",
      "name": "name",
      "check": "String"
    },
    {
      "type": "input_value",
      "name": "x",
      "check": "Number"
    },
    {
      "type": "input_value",
      "name": "y",
      "check": "Number"
    },
    {
      "type": "input_value",
      "name": "z",
      "check": "Number"
    },
    {
      "type": "input_value",
      "name": "map",
      "check": "VectorMap"
    },
    {
      "type": "field_image",
      "src": "./res/server.png",
      "width": 8,
      "height": 24
    }
  ],
  "inputsInline": true,
  "previousStatement": null,
  "nextStatement": null,
  "colour": "#888888",
  "mcreator": {
    "toolbox_init": [
      "<value name=\"name\"><block type=\"text\"><field name=\"TEXT\">tagName</field></block></value>",
      "<value name=\"x\"><block type=\"coord_x\"></block></value>",
      "<value name=\"y\"><block type=\"coord_y\"></block></value>",
      "<value name=\"z\"><block type=\"coord_z\"></block></value>",
      "<value name=\"map\"></value>"
    ],
    "inputs": [
      "name",
      "x",
      "y",
      "z",
      "map"
    ],
    "dependencies": [
      {
        "name": "world",
        "type": "world"
      }
    ],
    "warnings": [
      "mathutils_modify_nbt"
    ]
  }
}