{
  "args0": [
    {
      "type": "input_value",
      "name": "scale",
      "check": "Number"
    },
    {
      "type": "input_value",
      "name": "red",
      "check": "Number"
    },
    {
      "type": "input_value",
      "name": "green",
      "check": "Number"
    },
    {
      "type": "input_value",
      "name": "blue",
      "check": "Number"
    }
  ],
  "output": "Particle",
  "inputsInline": true,
  "colour": 300,
  "mcreator": {
    "group": "particledata",
    "toolbox_id": "additionsothers",
    "toolbox_init": [
      "<value name=\"scale\"><block type=\"math_number\"><field name=\"NUM\">1</field></block></value>",
      "<value name=\"red\"><block type=\"math_number\"><field name=\"NUM\">255</field></block></value>",
      "<value name=\"green\"><block type=\"math_number\"><field name=\"NUM\">255</field></block></value>",
      "<value name=\"blue\"><block type=\"math_number\"><field name=\"NUM\">255</field></block></value>"
    ],
    "inputs": [
      "scale",
      "red",
      "green",
      "blue"
    ]
  }
}