{
  "args0": [
    {
      "type": "input_value",
      "name": "entity",
      "check": "Entity"
    },
    {
      "type": "field_dropdown",
      "name": "type",
      "options": [
        [
          "DISALLOWED",
          "DISALLOWED"
        ],
        [
          "ALLOWED",
          "ALLOWED"
        ],
        [
          "CREATIVE_ONLY",
          "CREATIVE_ONLY"
        ]
      ]
    }
  ],
  "output": "Boolean",
  "colour": "%{BKY_LOGIC_HUE}",
  "mcreator": {
    "group": "entitydata",
    "toolbox_id": "additionsentity",
    "toolbox_init": [
      "<value name=\"entity\"><block type=\"entity_from_deps\"></block></value>"
    ],
    "inputs": [
      "entity"
    ],
    "fields": [
      "type"
    ]
  }
}