{
  "args0": [
    {
      "type": "input_value",
      "name": "entity",
      "check": "Entity"
    },
    {
      "type": "input_value",
      "name": "effect",
      "check": "MobEffect"
    },
    {
      "type": "input_dummy"
    },
    {
      "type": "input_statement",
      "name": "foreach"
    }
  ],
  "extensions": [
    "is_custom_loop"
  ],
  "inputsInline": true,
  "previousStatement": null,
  "nextStatement": null,
  "colour": 280,
  "mcreator": {
    "group": "mobeffectactions",
    "toolbox_id": "additionsothers",
    "toolbox_init": [
      "<value name=\"entity\"><block type=\"entity_from_deps\"></block></value>",
      "<value name=\"effect\"><block type=\"iterator_mobeffect\"></block></value>"
    ],
    "inputs": [
      "entity"
    ],
    "statements": [
      {
        "name": "foreach",
        "provides": [
          {
            "name": "mobeffectiterator",
            "type": "mobeffect"
          }
        ]
      }
    ]
  }
}