{
  "args0": [
    {
      "type": "input_value",
      "name": "effect",
      "check": "MobEffect"
    },
    {
      "type": "field_data_list_selector",
      "name": "type",
      "datalist": "effects",
      "customEntryProviders": "potioneffect"
    }
  ],
  "output": "Boolean",
  "colour": "%{BKY_LOGIC_HUE}",
  "mcreator": {
    "group": "mobeffectdata",
    "toolbox_id": "additionsothers",
    "toolbox_init": [
      "<value name=\"effect\"></value>"
    ],
    "inputs": [
      "effect"
    ],
    "fields": [
      "type"
    ]
  }
}