{
  "args0": [
    {
      "type": "input_value",
      "name": "entity",
      "check": "Entity"
    },
    {
      "type": "input_value",
      "name": "yaw",
      "check": "Number"
    },
    {
      "type": "input_value",
      "name": "pitch",
      "check": "Number"
    },
    {
      "type": "input_value",
      "name": "speed",
      "check": "Number"
    },
    {
      "type": "input_value",
      "name": "inaccuracy",
      "check": "Number"
    }
  ],
  "inputsInline": true,
  "previousStatement": null,
  "nextStatement": null,
  "colour": 195,
  "mcreator": {
    "group": "entityactions",
    "toolbox_id": "additionsentity",
    "toolbox_init": [
      "<value name=\"entity\"><block type=\"entity_from_deps\"></block></value>",
      "<value name=\"yaw\"><block type=\"math_number\"><field name=\"NUM\">0</field></block></value>",
      "<value name=\"pitch\"><block type=\"math_number\"><field name=\"NUM\">0</field></block></value>",
      "<value name=\"speed\"><block type=\"math_number\"><field name=\"NUM\">1</field></block></value>",
      "<value name=\"inaccuracy\"><block type=\"math_number\"><field name=\"NUM\">0</field></block></value>"
    ],
    "inputs": [
      "entity",
      "yaw",
      "pitch",
      "speed",
      "inaccuracy"
    ]
  }
}