{
  "args0": [
    {
      "type": "input_value",
      "name": "name",
      "check": "String"
    },
    {
      "type": "input_value",
      "name": "item",
      "check": "MCItem"
    }
  ],
  "output": "Boolean",
  "inputsInline": true,
  "colour": "%{BKY_LOGIC_HUE}",
  "mcreator": {
    "group": "itemdata",
    "toolbox_id": "additionsitem",
    "toolbox_init": [
      "<value name=\"name\"><block type=\"text\"><field name=\"TEXT\">tagName</field></block></value>",
      "<value name=\"item\"><block type=\"itemstack_to_mcitem\"></block></value>"
    ],
    "inputs": [
      "name",
      "item"
    ]
  }
}