{
  "args0": [
    {
      "type": "input_value",
      "name": "particle",
      "check": "Particle"
    },
    {
      "type": "input_value",
      "name": "x",
      "check": "Number"
    },
    {
      "type": "input_value",
      "name": "y",
      "check": "Number"
    },
    {
      "type": "input_value",
      "name": "z",
      "check": "Number"
    },
    {
      "type": "input_value",
      "name": "vx",
      "check": "Number"
    },
    {
      "type": "input_value",
      "name": "vy",
      "check": "Number"
    },
    {
      "type": "input_value",
      "name": "vz",
      "check": "Number"
    },
    {
      "type": "field_image",
      "src": "./res/client.png",
      "width": 8,
      "height": 24
    }
  ],
  "inputsInline": true,
  "previousStatement": null,
  "nextStatement": null,
  "colour": 35,
  "mcreator": {
    "group": "worldactions",
    "toolbox_id": "additionsworld",
    "toolbox_init": [
      "<value name=\"particle\"><block type=\"additions_get_particle\"></block></value>",
      "<value name=\"x\"><block type=\"coord_x\"></block></value>",
      "<value name=\"y\"><block type=\"coord_y\"></block></value>",
      "<value name=\"z\"><block type=\"coord_z\"></block></value>",
      "<value name=\"vx\"><block type=\"math_number\"><field name=\"NUM\">0</field></block></value>",
      "<value name=\"vy\"><block type=\"math_number\"><field name=\"NUM\">0</field></block></value>",
      "<value name=\"vz\"><block type=\"math_number\"><field name=\"NUM\">0</field></block></value>"
    ],
    "inputs": [
      "particle",
      "x",
      "y",
      "z",
      "vx",
      "vy",
      "vz"
    ],
    "dependencies": [
      {
        "name": "world",
        "type": "world"
      }
    ]
  }
}