{
  "args0": [
    {
      "type": "input_value",
      "name": "entity",
      "check": "Entity"
    },
    {
      "type": "input_value",
      "name": "instance",
      "check": "Entity"
    },
    {
      "type": "input_value",
      "name": "dimension",
      "check": "DimensionType"
    },
    {
      "type": "field_image",
      "src": "./res/server.png",
      "width": 8,
      "height": 24
    },
    {
      "type": "input_dummy"
    },
    {
      "type": "input_statement",
      "name": "do"
    }
  ],
  "inputsInline": true,
  "previousStatement": null,
  "nextStatement": null,
  "colour": 195,
  "mcreator": {
    "group": "entityactions",
    "toolbox_id": "additionsentity",
    "toolbox_init": [
      "<value name=\"entity\"><block type=\"entity_from_deps\"></block></value>",
      "<value name=\"instance\"><block type=\"additions_entityinstance\"></block></value>",
      "<value name=\"dimension\"><block type=\"get_dimensionid\"></block></value>"
    ],
    "inputs": [
      "entity",
      "dimension"
    ],
    "statements": [
      {
        "name": "do",
        "disable_local_variables": true,
        "provides": [
          {
            "name": "entityinstance",
            "type": "entity"
          }
        ]
      }
    ],
    "dependencies": [
      {
        "name": "world",
        "type": "world"
      }
    ]
  }
}