{
  "args0": [
    {
      "type": "field_data_list_selector",
      "name": "sound",
      "datalist": "sound"
    },
    {
      "type": "input_value",
      "name": "x",
      "check": "Number"
    },
    {
      "type": "input_value",
      "name": "y",
      "check": "Number"
    },
    {
      "type": "input_value",
      "name": "z",
      "check": "Number"
    },
    {
      "type": "input_value",
      "name": "level",
      "check": "Number"
    },
    {
      "type": "input_value",
      "name": "pitch",
      "check": "Number"
    },
    {
      "type": "field_data_list_dropdown",
      "name": "category",
      "datalist": "soundcategories"
    },
    {
      "type": "field_image",
      "src": "./res/server.png",
      "width": 8,
      "height": 24
    }
  ],
  "inputsInline": true,
  "previousStatement": null,
  "nextStatement": null,
  "colour": 35,
  "mcreator": {
    "group": "worldactions",
    "toolbox_id": "additionsworld",
    "toolbox_init": [
      "<value name=\"x\"><block type=\"coord_x\"></block></value>",
      "<value name=\"y\"><block type=\"coord_y\"></block></value>",
      "<value name=\"z\"><block type=\"coord_z\"></block></value>",
      "<value name=\"level\"><block type=\"math_number\"><field name=\"NUM\">1</field></block></value>",
      "<value name=\"pitch\"><block type=\"math_number\"><field name=\"NUM\">1</field></block></value>"
    ],
    "fields": [
      "sound",
      "category"
    ],
    "inputs": [
      "x",
      "y",
      "z",
      "level",
      "pitch"
    ],
    "dependencies": [
      {
        "name": "world",
        "type": "world"
      }
    ]
  }
}