{
  "args0": [
    {
      "type": "field_data_list_selector",
      "name": "type",
      "datalist": "effects",
      "customEntryProviders": "potioneffect"
    },
    {
      "type": "input_value",
      "name": "level",
      "check": "Number"
    },
    {
      "type": "input_value",
      "name": "duration",
      "check": "Number"
    }
  ],
  "output": "MobEffect",
  "inputsInline": true,
  "colour": 280,
  "mcreator": {
    "group": "mobeffectdata",
    "toolbox_id": "additionsothers",
    "toolbox_init": [
      "<value name=\"level\"><block type=\"math_number\"><field name=\"NUM\">1</field></block></value>",
      "<value name=\"duration\"><block type=\"math_number\"><field name=\"NUM\">60</field></block></value>"
    ],
    "fields": [
      "type"
    ],
    "inputs": [
      "level",
      "duration"
    ]
  }
}