{
  "args0": [
    {
      "type": "input_value",
      "name": "amount",
      "check": "Number"
    },
    {
      "type": "input_value",
      "name": "particle",
      "check": "Particle"
    },
    {
      "type": "input_value",
      "name": "x",
      "check": "Number"
    },
    {
      "type": "input_value",
      "name": "y",
      "check": "Number"
    },
    {
      "type": "input_value",
      "name": "z",
      "check": "Number"
    },
    {
      "type": "input_value",
      "name": "dx",
      "check": "Number"
    },
    {
      "type": "input_value",
      "name": "dy",
      "check": "Number"
    },
    {
      "type": "input_value",
      "name": "dz",
      "check": "Number"
    },
    {
      "type": "input_value",
      "name": "speed",
      "check": "Number"
    },
    {
      "type": "field_image",
      "src": "./res/server.png",
      "width": 8,
      "height": 24
    }
  ],
  "inputsInline": true,
  "previousStatement": null,
  "nextStatement": null,
  "colour": 35,
  "mcreator": {
    "group": "worldactions",
    "toolbox_id": "additionsworld",
    "toolbox_init": [
      "<value name=\"amount\"><block type=\"math_number\"><field name=\"NUM\">5</field></block></value>",
      "<value name=\"particle\"><block type=\"additions_get_particle\"></block></value>",
      "<value name=\"x\"><block type=\"coord_x\"></block></value>",
      "<value name=\"y\"><block type=\"coord_y\"></block></value>",
      "<value name=\"z\"><block type=\"coord_z\"></block></value>",
      "<value name=\"dx\"><block type=\"math_number\"><field name=\"NUM\">3</field></block></value>",
      "<value name=\"dy\"><block type=\"math_number\"><field name=\"NUM\">3</field></block></value>",
      "<value name=\"dz\"><block type=\"math_number\"><field name=\"NUM\">3</field></block></value>",
      "<value name=\"speed\"><block type=\"math_number\"><field name=\"NUM\">1</field></block></value>"
    ],
    "inputs": [
      "amount",
      "particle",
      "x",
      "y",
      "z",
      "dx",
      "dy",
      "dz",
      "speed"
    ],
    "dependencies": [
      {
        "name": "world",
        "type": "world"
      }
    ]
  }
}