{
  "args0": [
    {
      "type": "input_value",
      "name": "effect",
      "check": "MobEffect"
    },
    {
      "type": "field_dropdown",
      "name": "category",
      "options": [
        [
          "BENEFICIAL",
          "BENEFICIAL"
        ],
        [
          "HARMFUL",
          "HARMFUL"
        ],
        [
          "NEUTRAL",
          "NEUTRAL"
        ]
      ]
    }
  ],
  "output": "Boolean",
  "colour": "%{BKY_LOGIC_HUE}",
  "mcreator": {
    "group": "mobeffectdata",
    "toolbox_id": "additionsothers",
    "toolbox_init": [
      "<value name=\"effect\"></value>"
    ],
    "inputs": [
      "effect"
    ],
    "fields": [
      "category"
    ]
  }
}