{
  "args0": [
    {
      "type": "field_data_list_selector",
      "name": "type",
      "datalist": "spawnableEntity"
    },
    {
      "type": "input_value",
      "name": "entity",
      "check": "Entity"
    },
    {
      "type": "input_value",
      "name": "x",
      "check": "Number"
    },
    {
      "type": "input_value",
      "name": "y",
      "check": "Number"
    },
    {
      "type": "input_value",
      "name": "z",
      "check": "Number"
    },
    {
      "type": "field_image",
      "src": "./res/server.png",
      "width": 8,
      "height": 24
    },
    {
      "type": "input_dummy"
    },
    {
      "type": "input_statement",
      "name": "do"
    }
  ],
  "inputsInline": true,
  "previousStatement": null,
  "nextStatement": null,
  "colour": 35,
  "mcreator": {
    "group": "worldactions",
    "toolbox_id": "additionsworld",
    "toolbox_init": [
      "<value name=\"entity\"><block type=\"additions_entityinstance\"></block></value>",
      "<value name=\"x\"><block type=\"coord_x\"></block></value>",
      "<value name=\"y\"><block type=\"coord_y\"></block></value>",
      "<value name=\"z\"><block type=\"coord_z\"></block></value>"
    ],
    "fields": [
      "type"
    ],
    "inputs": [
      "x",
      "y",
      "z"
    ],
    "statements": [
      {
        "name": "do",
        "provides": [
          {
            "name": "entityinstance",
            "type": "entity"
          }
        ]
      }
    ],
    "dependencies": [
      {
        "name": "world",
        "type": "world"
      }
    ]
  }
}