{
  "args0": [
    {
      "type": "input_value",
      "name": "entity",
      "check": "Entity"
    },
    {
      "type": "input_value",
      "name": "ax",
      "check": "Number"
    },
    {
      "type": "input_value",
      "name": "ay",
      "check": "Number"
    },
    {
      "type": "input_value",
      "name": "az",
      "check": "Number"
    }
  ],
  "inputsInline": true,
  "previousStatement": null,
  "nextStatement": null,
  "colour": 195,
  "mcreator": {
    "group": "entityactions",
    "toolbox_id": "additionsentity",
    "toolbox_init": [
      "<value name=\"entity\"><block type=\"entity_from_deps\"></block></value>",
      "<value name=\"ax\"><block type=\"math_number\"><field name=\"NUM\">0</field></block></value>",
      "<value name=\"ay\"><block type=\"math_number\"><field name=\"NUM\">0</field></block></value>",
      "<value name=\"az\"><block type=\"math_number\"><field name=\"NUM\">0</field></block></value>"
    ],
    "inputs": [
      "entity",
      "ax",
      "ay",
      "az"
    ]
  }
}