{
  "args0": [
    {
      "type": "input_value",
      "name": "entity",
      "check": "Entity"
    },
    {
      "type": "input_value",
      "name": "item",
      "check": "MCItem"
    }
  ],
  "inputsInline": true,
  "previousStatement": null,
  "nextStatement": null,
  "colour": 195,
  "mcreator": {
    "group": "entityactions",
    "toolbox_id": "additionsentity",
    "toolbox_init": [
      "<value name=\"entity\"><block type=\"entity_from_deps\"></block></value>",
      "<value name=\"item\"><block type=\"mcitem_all\"><field name=\"value\"></field></block></value>"
    ],
    "inputs": [
      "entity",
      "item"
    ]
  }
}