{
  "args0": [
    {
      "type": "input_value",
      "name": "entity",
      "check": "Entity"
    },
    {
      "type": "field_data_list_selector",
      "name": "scale",
      "datalist": "scales"
    },
    {
      "type": "input_value",
      "name": "value",
      "check": "Number"
    }
  ],
  "inputsInline": true,
  "previousStatement": null,
  "nextStatement": null,
  "colour": "#aac239",
  "mcreator": {
    "toolbox_id": "pehkui",
    "toolbox_init": [
      "<value name=\"entity\"><block type=\"entity_from_deps\"></block></value>",
      "<value name=\"value\"><block type=\"math_number\"><field name=\"NUM\">1</field></block></value>"
    ],
    "inputs": [
      "entity",
      "value"
    ],
    "fields": [
      "scale"
    ],
    "required_apis": [
      "pehkui"
    ]
  }
}