{
  "args0": [
    {
      "type": "field_data_list_selector",
      "name": "load_entity_shader",
      "datalist": "entity_shader"
    },
    {
      "type": "field_image",
      "src": "./res/client.png",
      "width": 8,
      "height": 24
    }
  ],
  "inputsInline": true,
  "previousStatement": null,
  "nextStatement": null,
  "colour": "#FFB54D",
  "mcreator": {
    "toolbox_id": "shaders_utils",
    "fields": [
      "load_entity_shader"
    ],
    "dependencies": [
      {
        "name": "entity",
        "type": "entity"
      },
      {
        "name": "world",
        "type": "world"
      }
    ]
  }
}
